customer_id,customer_name,email,country,created_at
1,Laurie Lynn,maciasbrittany@hotmail.com,Bermuda,2025-02-07
2,Joshua Porter,renee18@king-ballard.com,Germany,2025-08-14
3,Patricia Mejia,tara44@jimenez.com,Guinea,2024-12-23
4,Michelle Arias,elizabethpark@gmail.com,Unknown,2025-07-29
5,David Williams,tylergriffin@yahoo.com,Micronesia,2023-12-24
6,Jonathan Spencer,morrisonterrance@bradshaw.com,Unknown,2024-07-12
7,Peter Herman,lauradiaz@gmail.com,American Samoa,2024-02-07
8,Cristian Bennett,glenn61@yahoo.com,Rwanda,2025-08-11
9,Hannah Barton,hamptonlori@dean.com,San Marino,2024-12-09
10,Michael Smith,jamesbrandt@hotmail.com,Cambodia,2025-10-30
11,Daniel Cox,zacharywarner@gmail.com,Colombia,2023-11-23
12,Tiffany Ryan,kjohnson@hotmail.com,Portugal,2025-05-12
13,Mary Davis,nixonmarissa@gmail.com,Djibouti,2023-11-27
14,Christine Cervantes,rollinsnatalie@yahoo.com,Haiti,2025-03-28
15,Christine Roberson,hurleycynthia@bush.org,Macao,2025-02-19
16,Joseph Osborne,landrynicole@paul-small.com,Andorra,2025-08-15
17,Donna Patrick,kwright@yahoo.com,Belize,2025-03-09
18,Melissa Hernandez,hernandezmatthew@hotmail.com,United States Minor Outlying Islands,2024-04-13
19,Jason White,davidscott@hotmail.com,Korea,2025-07-22
20,Cindy Gallegos,christopherwall@townsend.org,Belarus,2024-01-07
21,Shane Harper,pattersonmatthew@hotmail.com,Guyana,2025-05-12
22,Gina Salas,mary49@yahoo.com,Kiribati,2024-07-20
23,Matthew Rojas,browningmark@bishop.com,Vietnam,2025-01-25
24,Gina Rios,garciacarla@todd.com,Congo,2025-01-11
25,Adam Tucker,unknown_25@example.com,Andorra,2024-07-02
26,Eric Martin,unknown_26@example.com,Sweden,2023-12-13
27,Rodney Holland,william30@price-wade.com,Montserrat,2024-10-18
28,Meagan Wolfe,houstoncharles@yahoo.com,Aruba,2024-02-16
29,Blake Terry,christophermitchell@harding.biz,French Southern Territories,2025-07-30
30,Brittney Martin,caleb37@gmail.com,Iran,2024-07-19
31,Walter Martin,longemily@yahoo.com,Uganda,2024-07-14
32,Jesse Torres,taylorjason@hotmail.com,Unknown,2024-02-01
33,Dr. Monica Richards MD,robertsraymond@gmail.com,Uruguay,2025-01-24
34,Jeffrey Austin,unknown_34@example.com,Greenland,2025-07-25
35,Crystal Sanchez,christensenstacey@yahoo.com,Belarus,2024-06-11
36,Dawn Hood,arnoldnichole@gmail.com,Guinea-Bissau,2024-08-22
37,Megan Alexander,unknown_37@example.com,Bouvet Island (Bouvetoya),2024-01-22
38,Paula Jenkins,bailey53@stone.com,Cocos (Keeling) Islands,2024-09-07
39,James Marquez,james23@pierce-gordon.com,Luxembourg,2025-09-07
40,Jaime Chang,eric30@yahoo.com,Suriname,2024-03-12
41,David Morton,angelacunningham@cross-davidson.org,Ghana,2024-12-18
42,Ashley Bryant,sandrachoi@hotmail.com,Ghana,2025-03-18
43,Anthony White,eperez@gmail.com,Indonesia,2025-07-24
44,Aaron Diaz,shawnsanders@floyd.com,Saint Helena,2023-12-13
45,Christopher Wright,norrisjoseph@brown-patterson.com,Ethiopia,2023-12-16
46,Rebecca Ortega,jamesfields@martin-valdez.net,Liberia,2025-01-14
47,Laura Wells,vegaraymond@brown.com,Saudi Arabia,2025-10-30
48,James White,dianedavis@hotmail.com,Egypt,2024-07-26
49,Beth Duncan,robertmoore@yahoo.com,Grenada,2025-02-10
50,David Riley,ericksondennis@yahoo.com,Turkey,2025-11-03
51,Jacqueline Molina,melissa31@gmail.com,Nauru,2024-04-18
52,Lindsey Fernandez,valerieanderson@yahoo.com,Russian Federation,2025-10-22
53,Heather Jones,wbates@greene-galvan.com,Pakistan,2024-06-01
54,Brenda Steele,wangpatrick@smith-baker.com,Korea,2024-03-22
55,Nicole Hernandez,jordanheather@yahoo.com,Burkina Faso,2024-07-06
56,Loretta Lopez,jerryschultz@roberts-ellis.com,Kazakhstan,2024-05-19
57,Connor Robinson,michaelwilliams@hotmail.com,Saint Vincent and the Grenadines,2025-01-03
58,Angela Dillon,ashley80@campbell.com,Belgium,2024-10-30
59,Roberto Harris,haleysmith@gomez-wright.info,Tajikistan,2024-04-05
60,Glen Price,michealkrueger@hotmail.com,Korea,2024-01-05
61,Julia Hayes,markadams@yahoo.com,Senegal,2025-06-04
62,Eric Young,powellangel@woods.com,Unknown,2024-07-30
63,Dawn Young,keithfernandez@lane.org,Samoa,2024-10-01
64,Zachary Anderson,james65@yahoo.com,Luxembourg,2024-10-07
65,Justin Howard,seanfisher@castillo.org,Belize,2023-11-16
66,Michele Yang,rcervantes@hotmail.com,Tuvalu,2024-03-04
67,Kaitlyn Hull,bryan14@gmail.com,Kiribati,2024-08-24
68,Alice Snyder,michelle84@hotmail.com,French Guiana,2024-02-07
69,Desiree Owen,doris29@yahoo.com,Unknown,2023-12-31
70,Stephanie Gilmore,martin68@shea.info,Bermuda,2024-01-05
71,Lisa Hall,joshua57@bruce-perez.com,Japan,2025-03-14
72,Robert Rodriguez,jacqueline92@hotmail.com,Greenland,2024-08-08
73,Virginia Harris,xcalhoun@yahoo.com,Croatia,2025-10-02
74,Cynthia Mccoy,allenpatrick@hotmail.com,Lebanon,2024-05-18
75,Christopher Gallagher,unknown_75@example.com,Unknown,2023-11-10
76,Sheryl Freeman,pclark@gmail.com,Guinea,2024-01-23
77,Michelle Walker,rickyvaldez@ellison.com,Mongolia,2024-05-01
78,Timothy Reed,deannawhitehead@adams-velasquez.com,Denmark,2025-06-23
79,David Glover,unknown_79@example.com,Saint Pierre and Miquelon,2024-01-24
80,Jennifer Morris,daviskathryn@gmail.com,Jordan,2025-08-09
81,Michael Blevins,brittanywhite@hotmail.com,Israel,2025-10-30
82,Ashley Hall,robertmartinez@bush-romero.com,Qatar,2024-06-23
83,Susan Pruitt PhD,tfitzgerald@yahoo.com,Azerbaijan,2024-08-14
84,Kimberly Riddle,laurenperez@gmail.com,Peru,2024-07-26
85,Noah Dennis,weaverjustin@hotmail.com,Macao,2023-12-03
86,Patricia Aguirre,stephanievasquez@gmail.com,New Zealand,2023-12-18
87,Dale Medina,melissafreeman@fritz-mitchell.com,Barbados,2024-12-10
88,Christopher Crane,unknown_88@example.com,Palau,2025-02-24
89,Randy Johnson,ryannatalie@walker.org,Oman,2024-09-01
90,Richard Smith,prestonwade@smith.info,Morocco,2024-10-11
91,Michael Martin,swilson@peterson-wilcox.com,Svalbard & Jan Mayen Islands,2023-12-13
92,Jennifer Allen,brandon84@gmail.com,Spain,2025-04-16
93,Christine Johnson,katherinesmith@holt-mcclure.com,Portugal,2025-05-03
94,Meagan Acevedo,hvasquez@yahoo.com,China,2024-12-01
95,Ralph Acosta,michaelburns@hotmail.com,Vanuatu,2024-05-11
96,Mitchell Mckee,xhumphrey@singleton.com,Zambia,2024-08-19
97,Xavier Peterson,nicole07@hotmail.com,Croatia,2024-08-17
98,Elizabeth Herrera,unknown_98@example.com,United States Virgin Islands,2024-03-13
99,Jason Flores,crystal69@yahoo.com,El Salvador,2024-03-02
100,Geoffrey Ray,rebecca30@yahoo.com,French Guiana,2025-04-18
